{
    "background_size": [
        1024,
        1024,
        3
    ],
    "watermark_size": [
        100,
        100
    ],
    "block_size": 8,
    "alpha": 10,
    "k1": [
        1.2129701716199548,
        0.9999199475984639,
        0.4169198243356572,
        0.710842093392086,
        -1.4497104360620652,
        0.23063826620190897,
        0.31196820080587634,
        0.33581194821955
    ],
    "k2": [
        -1.2237808364540481,
        -1.4293443611133798,
        -0.05466048281583966,
        0.22034639978225787,
        -2.623419207527449,
        -0.9787558433773152,
        1.2865535444005298,
        -0.044675731228995104
    ]
}